--------------------------------------------------------
--  File created - Wednesday-June-21-2017   
--------------------------------------------------------
--------------------------------------------------------
--  DDL for Sequence BOOKID_SEQ
--------------------------------------------------------

   CREATE SEQUENCE  "UPS"."BOOKID_SEQ"  MINVALUE 1 MAXVALUE 9999999999999999999999999999 INCREMENT BY 1 START WITH 1 CACHE 20 NOORDER  NOCYCLE ;
--------------------------------------------------------
--  DDL for Sequence BOOKINGID_SEQ
--------------------------------------------------------

   CREATE SEQUENCE  "UPS"."BOOKINGID_SEQ"  MINVALUE 1 MAXVALUE 9999999999999999999999999999 INCREMENT BY 1 START WITH 1 CACHE 20 NOORDER  NOCYCLE ;
--------------------------------------------------------
--  DDL for Sequence BOOKING_PRODUCT_SEQ
--------------------------------------------------------

   CREATE SEQUENCE  "UPS"."BOOKING_PRODUCT_SEQ"  MINVALUE 1 MAXVALUE 9999999999999999999999999999 INCREMENT BY 1 START WITH 121 CACHE 20 NOORDER  NOCYCLE ;
--------------------------------------------------------
--  DDL for Sequence BOOKING_SEQ
--------------------------------------------------------

   CREATE SEQUENCE  "UPS"."BOOKING_SEQ"  MINVALUE 1 MAXVALUE 9999999999999999999999999999 INCREMENT BY 1 START WITH 81 CACHE 20 NOORDER  NOCYCLE ;
--------------------------------------------------------
--  DDL for Table BOOKING
--------------------------------------------------------

  CREATE TABLE "UPS"."BOOKING" 
   (	"BOOKID" VARCHAR2(20 BYTE), 
	"BOOKDATE" VARCHAR2(20 BYTE), 
	"COLLECTDATE" VARCHAR2(20 BYTE), 
	"STAFFID" VARCHAR2(20 BYTE), 
	"CUSTOMERID" VARCHAR2(20 BYTE)
   ) SEGMENT CREATION IMMEDIATE 
  PCTFREE 10 PCTUSED 40 INITRANS 1 MAXTRANS 255 NOCOMPRESS LOGGING
  STORAGE(INITIAL 65536 NEXT 1048576 MINEXTENTS 1 MAXEXTENTS 2147483645
  PCTINCREASE 0 FREELISTS 1 FREELIST GROUPS 1 BUFFER_POOL DEFAULT FLASH_CACHE DEFAULT CELL_FLASH_CACHE DEFAULT)
  TABLESPACE "SYSTEM" ;
--------------------------------------------------------
--  DDL for Table BOOKING_PRODUCT
--------------------------------------------------------

  CREATE TABLE "UPS"."BOOKING_PRODUCT" 
   (	"BOOKID" VARCHAR2(20 BYTE), 
	"PRODUCTID" VARCHAR2(20 BYTE), 
	"QUANTITY" NUMBER, 
	"PRICE" VARCHAR2(20 BYTE), 
	"BOOKING_PRODUCT_ID" VARCHAR2(20 BYTE), 
	"SLEEVE_TEXT" VARCHAR2(20 BYTE), 
	"BACK_TEXT" VARCHAR2(20 BYTE), 
	"DESCRIPTION" VARCHAR2(100 BYTE)
   ) SEGMENT CREATION IMMEDIATE 
  PCTFREE 10 PCTUSED 40 INITRANS 1 MAXTRANS 255 NOCOMPRESS LOGGING
  STORAGE(INITIAL 65536 NEXT 1048576 MINEXTENTS 1 MAXEXTENTS 2147483645
  PCTINCREASE 0 FREELISTS 1 FREELIST GROUPS 1 BUFFER_POOL DEFAULT FLASH_CACHE DEFAULT CELL_FLASH_CACHE DEFAULT)
  TABLESPACE "SYSTEM" ;
--------------------------------------------------------
--  DDL for Table CUSTOMER
--------------------------------------------------------

  CREATE TABLE "UPS"."CUSTOMER" 
   (	"CUSTOMERID" VARCHAR2(20 BYTE), 
	"CUSTOMERNAME" VARCHAR2(50 BYTE), 
	"CUSTOMERPHONENO" VARCHAR2(20 BYTE), 
	"CUSTOMERADDRESS" VARCHAR2(100 BYTE), 
	"CUSTOMEREMAIL" VARCHAR2(30 BYTE)
   ) SEGMENT CREATION IMMEDIATE 
  PCTFREE 10 PCTUSED 40 INITRANS 1 MAXTRANS 255 NOCOMPRESS LOGGING
  STORAGE(INITIAL 65536 NEXT 1048576 MINEXTENTS 1 MAXEXTENTS 2147483645
  PCTINCREASE 0 FREELISTS 1 FREELIST GROUPS 1 BUFFER_POOL DEFAULT FLASH_CACHE DEFAULT CELL_FLASH_CACHE DEFAULT)
  TABLESPACE "SYSTEM" ;
--------------------------------------------------------
--  DDL for Table PRODUCT
--------------------------------------------------------

  CREATE TABLE "UPS"."PRODUCT" 
   (	"PRODUCTID" VARCHAR2(20 BYTE), 
	"PRODUCTNAME" VARCHAR2(50 BYTE), 
	"PRODUCTPRICE" VARCHAR2(20 BYTE), 
	"PRODUCTTYPE" VARCHAR2(30 BYTE), 
	"PRODUCTDESCRIPTION" VARCHAR2(100 BYTE)
   ) SEGMENT CREATION IMMEDIATE 
  PCTFREE 10 PCTUSED 40 INITRANS 1 MAXTRANS 255 NOCOMPRESS LOGGING
  STORAGE(INITIAL 65536 NEXT 1048576 MINEXTENTS 1 MAXEXTENTS 2147483645
  PCTINCREASE 0 FREELISTS 1 FREELIST GROUPS 1 BUFFER_POOL DEFAULT FLASH_CACHE DEFAULT CELL_FLASH_CACHE DEFAULT)
  TABLESPACE "SYSTEM" ;
--------------------------------------------------------
--  DDL for Table STAFF
--------------------------------------------------------

  CREATE TABLE "UPS"."STAFF" 
   (	"STAFFID" VARCHAR2(20 BYTE), 
	"PASSWORD" VARCHAR2(20 BYTE), 
	"ROLE" VARCHAR2(20 BYTE)
   ) SEGMENT CREATION IMMEDIATE 
  PCTFREE 10 PCTUSED 40 INITRANS 1 MAXTRANS 255 NOCOMPRESS LOGGING
  STORAGE(INITIAL 65536 NEXT 1048576 MINEXTENTS 1 MAXEXTENTS 2147483645
  PCTINCREASE 0 FREELISTS 1 FREELIST GROUPS 1 BUFFER_POOL DEFAULT FLASH_CACHE DEFAULT CELL_FLASH_CACHE DEFAULT)
  TABLESPACE "SYSTEM" ;
REM INSERTING into UPS.BOOKING
SET DEFINE OFF;
Insert into UPS.BOOKING (BOOKID,BOOKDATE,COLLECTDATE,STAFFID,CUSTOMERID) values ('PT1688','04-MAR-16','2016-03-08','manager1','940910158490');
Insert into UPS.BOOKING (BOOKID,BOOKDATE,COLLECTDATE,STAFFID,CUSTOMERID) values ('PT1586','13-MAR-16','20-MAR-16','manager1','920220152630');
Insert into UPS.BOOKING (BOOKID,BOOKDATE,COLLECTDATE,STAFFID,CUSTOMERID) values ('PT1608','17-JAN-16','2016-01-18','staff1','940203156320');
Insert into UPS.BOOKING (BOOKID,BOOKDATE,COLLECTDATE,STAFFID,CUSTOMERID) values ('PT1473','03-JAN-16','2016-01-11','manager1','920201145610');
Insert into UPS.BOOKING (BOOKID,BOOKDATE,COLLECTDATE,STAFFID,CUSTOMERID) values ('PT1101','23-JAN-16','26-JAN-16','staff1','951002156320');
Insert into UPS.BOOKING (BOOKID,BOOKDATE,COLLECTDATE,STAFFID,CUSTOMERID) values ('PT1662','03-FEB-16','06-FEB-16','staff1','960310201447');
Insert into UPS.BOOKING (BOOKID,BOOKDATE,COLLECTDATE,STAFFID,CUSTOMERID) values ('PT1962','05-FEB-16','09-FEB-16','staff1','970318102330');
Insert into UPS.BOOKING (BOOKID,BOOKDATE,COLLECTDATE,STAFFID,CUSTOMERID) values ('PT1024','04-JAN-16','11-JAN-16','staff1','950720159985');
Insert into UPS.BOOKING (BOOKID,BOOKDATE,COLLECTDATE,STAFFID,CUSTOMERID) values ('PT1458','12-FEB-16','19-FEB-16','manager1','951120154112');
Insert into UPS.BOOKING (BOOKID,BOOKDATE,COLLECTDATE,STAFFID,CUSTOMERID) values ('PT1277','18-FEB-16','23-FEB-16','manager1','911011143201');
Insert into UPS.BOOKING (BOOKID,BOOKDATE,COLLECTDATE,STAFFID,CUSTOMERID) values ('PT1284','19-FEB-16','2016-02-25','staff1','971001142103');
Insert into UPS.BOOKING (BOOKID,BOOKDATE,COLLECTDATE,STAFFID,CUSTOMERID) values ('PT1837','02-APR-16','07-APR-16','staff1','960310251487');
Insert into UPS.BOOKING (BOOKID,BOOKDATE,COLLECTDATE,STAFFID,CUSTOMERID) values ('PT1589','04-APR-16','11-APR-16','staff1','901014152010');
Insert into UPS.BOOKING (BOOKID,BOOKDATE,COLLECTDATE,STAFFID,CUSTOMERID) values ('PT1616','23-APR-16','28-APR-16','staff1','911210145621');
Insert into UPS.BOOKING (BOOKID,BOOKDATE,COLLECTDATE,STAFFID,CUSTOMERID) values ('PT1217','23-APR-16','28-APR-16','staff1','931012152103');
Insert into UPS.BOOKING (BOOKID,BOOKDATE,COLLECTDATE,STAFFID,CUSTOMERID) values ('PT1611','03-JUN-16','08-JUN-16','manager1','930712146320');
Insert into UPS.BOOKING (BOOKID,BOOKDATE,COLLECTDATE,STAFFID,CUSTOMERID) values ('PT1358','06-JUN-16','13-JUN-16','staff1','980510302658');
Insert into UPS.BOOKING (BOOKID,BOOKDATE,COLLECTDATE,STAFFID,CUSTOMERID) values ('PT1086','23-MAY-16','28-MAY-16','staff1','940310561241');
Insert into UPS.BOOKING (BOOKID,BOOKDATE,COLLECTDATE,STAFFID,CUSTOMERID) values ('PT1030','17-JUN-16','23-JUN-16','staff1','960720301547');
Insert into UPS.BOOKING (BOOKID,BOOKDATE,COLLECTDATE,STAFFID,CUSTOMERID) values ('PT1743','13-MAY-16','20-MAY-16','staff1','910210369852');
Insert into UPS.BOOKING (BOOKID,BOOKDATE,COLLECTDATE,STAFFID,CUSTOMERID) values ('PT1557','25-MAY-16','30-MAY-16','manager1','940812153569');
Insert into UPS.BOOKING (BOOKID,BOOKDATE,COLLECTDATE,STAFFID,CUSTOMERID) values ('PT1459','02-JUL-16','08-JUL-16','staff1','910513154796');
Insert into UPS.BOOKING (BOOKID,BOOKDATE,COLLECTDATE,STAFFID,CUSTOMERID) values ('PT1273','08-JUL-16','14-JUL-16','staff1','920622103625');
Insert into UPS.BOOKING (BOOKID,BOOKDATE,COLLECTDATE,STAFFID,CUSTOMERID) values ('PT1178','23-JUL-16','29-JUL-16','staff1','931010145632');
Insert into UPS.BOOKING (BOOKID,BOOKDATE,COLLECTDATE,STAFFID,CUSTOMERID) values ('PT1297','06-AUG-16','12-AUG-16','staff1','961213146589');
Insert into UPS.BOOKING (BOOKID,BOOKDATE,COLLECTDATE,STAFFID,CUSTOMERID) values ('PT1260','12-AUG-16','19-AUG-16','staff1','950610152310');
Insert into UPS.BOOKING (BOOKID,BOOKDATE,COLLECTDATE,STAFFID,CUSTOMERID) values ('PT1712','20-AUG-16','26-AUG-16','staff1','950120153201');
Insert into UPS.BOOKING (BOOKID,BOOKDATE,COLLECTDATE,STAFFID,CUSTOMERID) values ('PT1790','01-SEP-16','2016-09-09','staff1','961020153652');
Insert into UPS.BOOKING (BOOKID,BOOKDATE,COLLECTDATE,STAFFID,CUSTOMERID) values ('PT1122','10-SEP-16','16-SEP-16','staff1','920530152014');
Insert into UPS.BOOKING (BOOKID,BOOKDATE,COLLECTDATE,STAFFID,CUSTOMERID) values ('PT1501','11-SEP-16','17-JUN-17','staff1','940120143020');
Insert into UPS.BOOKING (BOOKID,BOOKDATE,COLLECTDATE,STAFFID,CUSTOMERID) values ('PT1505','01-OCT-16','2016-10-08','staff1','961220145632');
Insert into UPS.BOOKING (BOOKID,BOOKDATE,COLLECTDATE,STAFFID,CUSTOMERID) values ('PT1127','15-OCT-16','21-OCT-16','staff1','941105145896');
Insert into UPS.BOOKING (BOOKID,BOOKDATE,COLLECTDATE,STAFFID,CUSTOMERID) values ('PT1963','21-OCT-16','28-OCT-16','staff1','950420154587');
Insert into UPS.BOOKING (BOOKID,BOOKDATE,COLLECTDATE,STAFFID,CUSTOMERID) values ('PT1779','01-NOV-16','08-NOV-16','staff1','950220145230');
Insert into UPS.BOOKING (BOOKID,BOOKDATE,COLLECTDATE,STAFFID,CUSTOMERID) values ('PT1154','18-NOV-16','24-NOV-16','staff1','950623145874');
Insert into UPS.BOOKING (BOOKID,BOOKDATE,COLLECTDATE,STAFFID,CUSTOMERID) values ('PT1109','23-NOV-16','30-NOV-16','staff1','910530145471');
Insert into UPS.BOOKING (BOOKID,BOOKDATE,COLLECTDATE,STAFFID,CUSTOMERID) values ('PT1071','03-DEC-16','09-DEC-16','staff1','940215148651');
Insert into UPS.BOOKING (BOOKID,BOOKDATE,COLLECTDATE,STAFFID,CUSTOMERID) values ('PT1815','10-DEC-16','17-DEC-16','staff1','931108141452');
Insert into UPS.BOOKING (BOOKID,BOOKDATE,COLLECTDATE,STAFFID,CUSTOMERID) values ('PT1761','17-DEC-16','24-JUN-17','staff1','970405145230');
Insert into UPS.BOOKING (BOOKID,BOOKDATE,COLLECTDATE,STAFFID,CUSTOMERID) values ('PT1952','20-JAN-16','27-JAN-16','manager1','920201145610');
Insert into UPS.BOOKING (BOOKID,BOOKDATE,COLLECTDATE,STAFFID,CUSTOMERID) values ('PT1989','07-JAN-16','13-JAN-16','manager1','940230145647');
Insert into UPS.BOOKING (BOOKID,BOOKDATE,COLLECTDATE,STAFFID,CUSTOMERID) values ('PT1226','16-FEB-16','21-FEB-16','manager1','940203156320');
Insert into UPS.BOOKING (BOOKID,BOOKDATE,COLLECTDATE,STAFFID,CUSTOMERID) values ('PT1095','09-APR-16','14-APR-16','manager1','930114521232');
Insert into UPS.BOOKING (BOOKID,BOOKDATE,COLLECTDATE,STAFFID,CUSTOMERID) values ('PT1950','01-JUN-17','08-JUN-17','manager1','920220152630');
Insert into UPS.BOOKING (BOOKID,BOOKDATE,COLLECTDATE,STAFFID,CUSTOMERID) values ('PT1698','02-FEB-16','08-FEB-16','manager1','980104102010');
Insert into UPS.BOOKING (BOOKID,BOOKDATE,COLLECTDATE,STAFFID,CUSTOMERID) values ('PT1364','02-DEC-16','08-DEC-16','manager1','980104102010');
Insert into UPS.BOOKING (BOOKID,BOOKDATE,COLLECTDATE,STAFFID,CUSTOMERID) values ('PT1375','03-DEC-16','07-DEC-16','manager1','961012145647');
Insert into UPS.BOOKING (BOOKID,BOOKDATE,COLLECTDATE,STAFFID,CUSTOMERID) values ('PT1559','16-JUN-17','18-JUN-17','manager1','950422035502');
REM INSERTING into UPS.BOOKING_PRODUCT
SET DEFINE OFF;
Insert into UPS.BOOKING_PRODUCT (BOOKID,PRODUCTID,QUANTITY,PRICE,BOOKING_PRODUCT_ID,SLEEVE_TEXT,BACK_TEXT,DESCRIPTION) values ('PT1186','T002',50,'9','46','ajinamoto','KMS','XS-10
S-10
M-20
L-10');
Insert into UPS.BOOKING_PRODUCT (BOOKID,PRODUCTID,QUANTITY,PRICE,BOOKING_PRODUCT_ID,SLEEVE_TEXT,BACK_TEXT,DESCRIPTION) values ('PT1367','P002',30,'15','61','alangKMS','since 2012','S-10
M-10
L-10');
Insert into UPS.BOOKING_PRODUCT (BOOKID,PRODUCTID,QUANTITY,PRICE,BOOKING_PRODUCT_ID,SLEEVE_TEXT,BACK_TEXT,DESCRIPTION) values ('PT1101','T001',40,'9','62','diver','UiTM','M-20
L-20');
Insert into UPS.BOOKING_PRODUCT (BOOKID,PRODUCTID,QUANTITY,PRICE,BOOKING_PRODUCT_ID,SLEEVE_TEXT,BACK_TEXT,DESCRIPTION) values ('PT1662','T003',20,'9','63','Engineering','UPM','S-10
M-10');
Insert into UPS.BOOKING_PRODUCT (BOOKID,PRODUCTID,QUANTITY,PRICE,BOOKING_PRODUCT_ID,SLEEVE_TEXT,BACK_TEXT,DESCRIPTION) values ('PT1962','P001',33,'15','64','FKE','Kiki FC','S-10
M-13
L-10');
Insert into UPS.BOOKING_PRODUCT (BOOKID,PRODUCTID,QUANTITY,PRICE,BOOKING_PRODUCT_ID,SLEEVE_TEXT,BACK_TEXT,DESCRIPTION) values ('PT1377','T003',30,'9','65','TM','Taman Medan','S-10
M-10
L-10');
Insert into UPS.BOOKING_PRODUCT (BOOKID,PRODUCTID,QUANTITY,PRICE,BOOKING_PRODUCT_ID,SLEEVE_TEXT,BACK_TEXT,DESCRIPTION) values ('PT1947','T003',30,'9','66','Name','Faculty','S-10
M-10
L-10');
Insert into UPS.BOOKING_PRODUCT (BOOKID,PRODUCTID,QUANTITY,PRICE,BOOKING_PRODUCT_ID,SLEEVE_TEXT,BACK_TEXT,DESCRIPTION) values ('PT1757','T002',20,'9','67','UiTM Shah Alam','FKE Boys','S-5
M-10
L-5');
Insert into UPS.BOOKING_PRODUCT (BOOKID,PRODUCTID,QUANTITY,PRICE,BOOKING_PRODUCT_ID,SLEEVE_TEXT,BACK_TEXT,DESCRIPTION) values ('PT1688','T001',30,'9','68','UTHM','Name','S-10
M-10
L-10');
Insert into UPS.BOOKING_PRODUCT (BOOKID,PRODUCTID,QUANTITY,PRICE,BOOKING_PRODUCT_ID,SLEEVE_TEXT,BACK_TEXT,DESCRIPTION) values ('PT1586','P002',30,'15','69','Name','UMP','XS-5
S-5
M-20');
Insert into UPS.BOOKING_PRODUCT (BOOKID,PRODUCTID,QUANTITY,PRICE,BOOKING_PRODUCT_ID,SLEEVE_TEXT,BACK_TEXT,DESCRIPTION) values ('PT1024','T002',30,'9','70','UPM','KMS','S-10
M-10
L-10');
Insert into UPS.BOOKING_PRODUCT (BOOKID,PRODUCTID,QUANTITY,PRICE,BOOKING_PRODUCT_ID,SLEEVE_TEXT,BACK_TEXT,DESCRIPTION) values ('PT1284','T001',34,'9','71','blank','Name and faculty','S-10
M-20
L-4');
Insert into UPS.BOOKING_PRODUCT (BOOKID,PRODUCTID,QUANTITY,PRICE,BOOKING_PRODUCT_ID,SLEEVE_TEXT,BACK_TEXT,DESCRIPTION) values ('PT1837','T004',30,'10','72','blank','Power Girls','S-10
M-10
L-10');
Insert into UPS.BOOKING_PRODUCT (BOOKID,PRODUCTID,QUANTITY,PRICE,BOOKING_PRODUCT_ID,SLEEVE_TEXT,BACK_TEXT,DESCRIPTION) values ('PT1589','T002',41,'9','73','kayakers','UTeM','XS-1
S-10
M-20
L-10');
Insert into UPS.BOOKING_PRODUCT (BOOKID,PRODUCTID,QUANTITY,PRICE,BOOKING_PRODUCT_ID,SLEEVE_TEXT,BACK_TEXT,DESCRIPTION) values ('PT1616','T002',26,'9','74','UiTM Shah Alam','FSB','S-6
M-10
L-10');
Insert into UPS.BOOKING_PRODUCT (BOOKID,PRODUCTID,QUANTITY,PRICE,BOOKING_PRODUCT_ID,SLEEVE_TEXT,BACK_TEXT,DESCRIPTION) values ('PT1217','P001',25,'15','75','blank','SMKTM','S-5
M-10
L-10');
Insert into UPS.BOOKING_PRODUCT (BOOKID,PRODUCTID,QUANTITY,PRICE,BOOKING_PRODUCT_ID,SLEEVE_TEXT,BACK_TEXT,DESCRIPTION) values ('PT1743','T002',20,'9','76','isec','Name','M-20');
Insert into UPS.BOOKING_PRODUCT (BOOKID,PRODUCTID,QUANTITY,PRICE,BOOKING_PRODUCT_ID,SLEEVE_TEXT,BACK_TEXT,DESCRIPTION) values ('PT1473','T004',32,'10','43','nama','Cekal','S-10
M-10
L-10
XL-2');
Insert into UPS.BOOKING_PRODUCT (BOOKID,PRODUCTID,QUANTITY,PRICE,BOOKING_PRODUCT_ID,SLEEVE_TEXT,BACK_TEXT,DESCRIPTION) values ('PT1755','T002',25,'9','77','blank','Girls','S-5
M-20');
Insert into UPS.BOOKING_PRODUCT (BOOKID,PRODUCTID,QUANTITY,PRICE,BOOKING_PRODUCT_ID,SLEEVE_TEXT,BACK_TEXT,DESCRIPTION) values ('PT1086','P002',30,'15','78','blank','ISE Boys','S-10
M-10
L-10');
Insert into UPS.BOOKING_PRODUCT (BOOKID,PRODUCTID,QUANTITY,PRICE,BOOKING_PRODUCT_ID,SLEEVE_TEXT,BACK_TEXT,DESCRIPTION) values ('PT1557','T003',30,'9','79','ISE Team','Name','S-10
M-20');
Insert into UPS.BOOKING_PRODUCT (BOOKID,PRODUCTID,QUANTITY,PRICE,BOOKING_PRODUCT_ID,SLEEVE_TEXT,BACK_TEXT,DESCRIPTION) values ('PT1611','T001',20,'9','80','blank','PEERS','M-20');
Insert into UPS.BOOKING_PRODUCT (BOOKID,PRODUCTID,QUANTITY,PRICE,BOOKING_PRODUCT_ID,SLEEVE_TEXT,BACK_TEXT,DESCRIPTION) values ('PT1358','T002',40,'9','81','blank','Account Club','S-10
M-10
L-10
XL-10');
Insert into UPS.BOOKING_PRODUCT (BOOKID,PRODUCTID,QUANTITY,PRICE,BOOKING_PRODUCT_ID,SLEEVE_TEXT,BACK_TEXT,DESCRIPTION) values ('PT1030','T003',23,'9','82','blank','KAMI','S-3
M-20');
Insert into UPS.BOOKING_PRODUCT (BOOKID,PRODUCTID,QUANTITY,PRICE,BOOKING_PRODUCT_ID,SLEEVE_TEXT,BACK_TEXT,DESCRIPTION) values ('PT1459','T004',36,'10','83','Name','Alulek FC','S-6
M-20
L-10');
Insert into UPS.BOOKING_PRODUCT (BOOKID,PRODUCTID,QUANTITY,PRICE,BOOKING_PRODUCT_ID,SLEEVE_TEXT,BACK_TEXT,DESCRIPTION) values ('PT1273','P001',30,'15','84','since 15','CS246','S-10
M-10
L-10');
Insert into UPS.BOOKING_PRODUCT (BOOKID,PRODUCTID,QUANTITY,PRICE,BOOKING_PRODUCT_ID,SLEEVE_TEXT,BACK_TEXT,DESCRIPTION) values ('PT1178','P002',40,'15','85','blank','ISE','S-10
M-10
L-10
XL-10');
Insert into UPS.BOOKING_PRODUCT (BOOKID,PRODUCTID,QUANTITY,PRICE,BOOKING_PRODUCT_ID,SLEEVE_TEXT,BACK_TEXT,DESCRIPTION) values ('PT1297','P002',45,'15','86','blank','Photograph Club','S-10
M-10
L-20
XL-5');
Insert into UPS.BOOKING_PRODUCT (BOOKID,PRODUCTID,QUANTITY,PRICE,BOOKING_PRODUCT_ID,SLEEVE_TEXT,BACK_TEXT,DESCRIPTION) values ('PT1260','T002',36,'9','87','blank','Flower Girls','S-6
M-10
L-20');
Insert into UPS.BOOKING_PRODUCT (BOOKID,PRODUCTID,QUANTITY,PRICE,BOOKING_PRODUCT_ID,SLEEVE_TEXT,BACK_TEXT,DESCRIPTION) values ('PT1712','T003',30,'9','88','blank','Mathematical Club','S-5
M-10
L-15
XL-5');
Insert into UPS.BOOKING_PRODUCT (BOOKID,PRODUCTID,QUANTITY,PRICE,BOOKING_PRODUCT_ID,SLEEVE_TEXT,BACK_TEXT,DESCRIPTION) values ('PT1790','P001',30,'15','89','blank','Puteri ISE','S-10
M-10
L-10');
Insert into UPS.BOOKING_PRODUCT (BOOKID,PRODUCTID,QUANTITY,PRICE,BOOKING_PRODUCT_ID,SLEEVE_TEXT,BACK_TEXT,DESCRIPTION) values ('PT1122','T004',30,'10','90','blank','Japanese Club','S-10
M-10
L-10');
Insert into UPS.BOOKING_PRODUCT (BOOKID,PRODUCTID,QUANTITY,PRICE,BOOKING_PRODUCT_ID,SLEEVE_TEXT,BACK_TEXT,DESCRIPTION) values ('PT1501','T003',50,'9','91','blank','Economic Club','S-10
M-20
L-10
XL-10');
Insert into UPS.BOOKING_PRODUCT (BOOKID,PRODUCTID,QUANTITY,PRICE,BOOKING_PRODUCT_ID,SLEEVE_TEXT,BACK_TEXT,DESCRIPTION) values ('PT1505','T003',30,'9','92','blank','Chinese Club','S-10
M-10
L-10');
Insert into UPS.BOOKING_PRODUCT (BOOKID,PRODUCTID,QUANTITY,PRICE,BOOKING_PRODUCT_ID,SLEEVE_TEXT,BACK_TEXT,DESCRIPTION) values ('PT1127','T002',40,'9','93','blank','Mandarin Club','XS-10
S-10
M-10
L-10');
Insert into UPS.BOOKING_PRODUCT (BOOKID,PRODUCTID,QUANTITY,PRICE,BOOKING_PRODUCT_ID,SLEEVE_TEXT,BACK_TEXT,DESCRIPTION) values ('PT1963','P002',25,'15','94','blank','English Club','S-5
M-10
L-10');
Insert into UPS.BOOKING_PRODUCT (BOOKID,PRODUCTID,QUANTITY,PRICE,BOOKING_PRODUCT_ID,SLEEVE_TEXT,BACK_TEXT,DESCRIPTION) values ('PT1779','P001',30,'15','95','blank','Pencak Silat','S-10
M-10
L-10');
Insert into UPS.BOOKING_PRODUCT (BOOKID,PRODUCTID,QUANTITY,PRICE,BOOKING_PRODUCT_ID,SLEEVE_TEXT,BACK_TEXT,DESCRIPTION) values ('PT1154','T004',45,'10','96','Name','Volley Ball Club','XS-10
S-10
M-20
L-5');
Insert into UPS.BOOKING_PRODUCT (BOOKID,PRODUCTID,QUANTITY,PRICE,BOOKING_PRODUCT_ID,SLEEVE_TEXT,BACK_TEXT,DESCRIPTION) values ('PT1109','T001',33,'9','97','blank','Computer Club','S-10
M-10
L-10
XL-3');
Insert into UPS.BOOKING_PRODUCT (BOOKID,PRODUCTID,QUANTITY,PRICE,BOOKING_PRODUCT_ID,SLEEVE_TEXT,BACK_TEXT,DESCRIPTION) values ('PT1071','T002',25,'9','98','blank','Jaya FC','S-5
M-20');
Insert into UPS.BOOKING_PRODUCT (BOOKID,PRODUCTID,QUANTITY,PRICE,BOOKING_PRODUCT_ID,SLEEVE_TEXT,BACK_TEXT,DESCRIPTION) values ('PT1815','T003',60,'9','99','blank','Konvoi Penang','S-20
M-20
L-10
XL-10');
Insert into UPS.BOOKING_PRODUCT (BOOKID,PRODUCTID,QUANTITY,PRICE,BOOKING_PRODUCT_ID,SLEEVE_TEXT,BACK_TEXT,DESCRIPTION) values ('PT1761','P001',40,'15','100','blank','Chemistry Club','S-10
M-10
L-10
XL-10');
Insert into UPS.BOOKING_PRODUCT (BOOKID,PRODUCTID,QUANTITY,PRICE,BOOKING_PRODUCT_ID,SLEEVE_TEXT,BACK_TEXT,DESCRIPTION) values ('PT1289','P002',100,'15','101','blank','aiman fans','S-10
M-50
L-40');
Insert into UPS.BOOKING_PRODUCT (BOOKID,PRODUCTID,QUANTITY,PRICE,BOOKING_PRODUCT_ID,SLEEVE_TEXT,BACK_TEXT,DESCRIPTION) values ('PT1989','P001',40,'15','102','blank','YES','S-10
M-10
L-20');
Insert into UPS.BOOKING_PRODUCT (BOOKID,PRODUCTID,QUANTITY,PRICE,BOOKING_PRODUCT_ID,SLEEVE_TEXT,BACK_TEXT,DESCRIPTION) values ('PT1952','T003',100,'9','103','blank','try','M-100');
Insert into UPS.BOOKING_PRODUCT (BOOKID,PRODUCTID,QUANTITY,PRICE,BOOKING_PRODUCT_ID,SLEEVE_TEXT,BACK_TEXT,DESCRIPTION) values ('PT1136','P002',40,'15','104','blank','ISE','S-10
M-10
L-10
XL-10');
Insert into UPS.BOOKING_PRODUCT (BOOKID,PRODUCTID,QUANTITY,PRICE,BOOKING_PRODUCT_ID,SLEEVE_TEXT,BACK_TEXT,DESCRIPTION) values ('PT1064','P001',30,'15','105','blank','ISE','k');
Insert into UPS.BOOKING_PRODUCT (BOOKID,PRODUCTID,QUANTITY,PRICE,BOOKING_PRODUCT_ID,SLEEVE_TEXT,BACK_TEXT,DESCRIPTION) values ('PT1226','T002',25,'9','106','blank','ISE','k');
Insert into UPS.BOOKING_PRODUCT (BOOKID,PRODUCTID,QUANTITY,PRICE,BOOKING_PRODUCT_ID,SLEEVE_TEXT,BACK_TEXT,DESCRIPTION) values ('PT1095','T001',40,'9','107','blank','ISE','k');
Insert into UPS.BOOKING_PRODUCT (BOOKID,PRODUCTID,QUANTITY,PRICE,BOOKING_PRODUCT_ID,SLEEVE_TEXT,BACK_TEXT,DESCRIPTION) values ('PT1166','P001',50,'15','108','blank','ISE','S-10
M-40');
Insert into UPS.BOOKING_PRODUCT (BOOKID,PRODUCTID,QUANTITY,PRICE,BOOKING_PRODUCT_ID,SLEEVE_TEXT,BACK_TEXT,DESCRIPTION) values ('PT1698','P001',30,'15','109','blank','YUP','S_10
M-20');
Insert into UPS.BOOKING_PRODUCT (BOOKID,PRODUCTID,QUANTITY,PRICE,BOOKING_PRODUCT_ID,SLEEVE_TEXT,BACK_TEXT,DESCRIPTION) values ('PT1364','T002',30,'9','110','blank','no','k');
Insert into UPS.BOOKING_PRODUCT (BOOKID,PRODUCTID,QUANTITY,PRICE,BOOKING_PRODUCT_ID,SLEEVE_TEXT,BACK_TEXT,DESCRIPTION) values ('PT1375','T003',30,'9','111','blank','UiTM','k');
Insert into UPS.BOOKING_PRODUCT (BOOKID,PRODUCTID,QUANTITY,PRICE,BOOKING_PRODUCT_ID,SLEEVE_TEXT,BACK_TEXT,DESCRIPTION) values ('PT1559','T001',100,'9','112','Faris Curang','Faris Busuk','Faris kantoi curang dengan perempuan lain');
REM INSERTING into UPS.CUSTOMER
SET DEFINE OFF;
Insert into UPS.CUSTOMER (CUSTOMERID,CUSTOMERNAME,CUSTOMERPHONENO,CUSTOMERADDRESS,CUSTOMEREMAIL) values ('940203156320','Ikmal Nidzam','0123365620','No.30, Jln Melati, Bangi','ikmalzam@gmail.com');
Insert into UPS.CUSTOMER (CUSTOMERID,CUSTOMERNAME,CUSTOMERPHONENO,CUSTOMERADDRESS,CUSTOMEREMAIL) values ('920201145610','Azman Jalil','0123362021','32, Jln Kemboja, Kuala Lumpur','azmanjalil@gmail.com');
Insert into UPS.CUSTOMER (CUSTOMERID,CUSTOMERNAME,CUSTOMERPHONENO,CUSTOMERADDRESS,CUSTOMEREMAIL) values ('920220152630','Nurul Hanani','0145233220','No.12, Jln Mewah, Puchong','hollanani@gmail.com');
Insert into UPS.CUSTOMER (CUSTOMERID,CUSTOMERNAME,CUSTOMERPHONENO,CUSTOMERADDRESS,CUSTOMEREMAIL) values ('951002156320','Zul Akmal','0136562100','No 5, Jln Bukit, Kuala Kubu Baru','zulakmal@gmail.com');
Insert into UPS.CUSTOMER (CUSTOMERID,CUSTOMERNAME,CUSTOMERPHONENO,CUSTOMERADDRESS,CUSTOMEREMAIL) values ('960310201447','Nur Fajrina','0145520142','No.6, Jln Raja Klang','farjina96@gmail.com');
Insert into UPS.CUSTOMER (CUSTOMERID,CUSTOMERNAME,CUSTOMERPHONENO,CUSTOMERADDRESS,CUSTOMEREMAIL) values ('970318102330','Nazrolni Azmi','0111996520','Blok B-03, PJS 2D, Petaling Jaya','nazazmi@gmail.com');
Insert into UPS.CUSTOMER (CUSTOMERID,CUSTOMERNAME,CUSTOMERPHONENO,CUSTOMERADDRESS,CUSTOMEREMAIL) values ('931211185641','Muhd Firdaus','0132028980','No.24, PJS 2D/15E, Petaling Jaya','firdauskhalid@gmail.com');
Insert into UPS.CUSTOMER (CUSTOMERID,CUSTOMERNAME,CUSTOMERPHONENO,CUSTOMERADDRESS,CUSTOMEREMAIL) values ('951120154112','Akmal Arsyad','0135663220','Blok C-03, Flat Kg.Medan, Petaling Jaya','akmalsyad@gmail.com');
Insert into UPS.CUSTOMER (CUSTOMERID,CUSTOMERNAME,CUSTOMERPHONENO,CUSTOMERADDRESS,CUSTOMEREMAIL) values ('940115146985','Muhd Fadzli','0132110325','Blok E-32, Sri Manja, Petaling Jaya','fadzli94@gmail.com');
Insert into UPS.CUSTOMER (CUSTOMERID,CUSTOMERNAME,CUSTOMERPHONENO,CUSTOMERADDRESS,CUSTOMEREMAIL) values ('911011143201','Muhd Taufiq','0125224471','Blok G-40, Medan Baru, Petaling Jaya','fiqfuad@gmail.com');
Insert into UPS.CUSTOMER (CUSTOMERID,CUSTOMERNAME,CUSTOMERPHONENO,CUSTOMERADDRESS,CUSTOMEREMAIL) values ('950720159985','Syuhada Azman','0115543201','No.9, Jln Masjid, Kajang','syuazman@gmail.com');
Insert into UPS.CUSTOMER (CUSTOMERID,CUSTOMERNAME,CUSTOMERPHONENO,CUSTOMERADDRESS,CUSTOMEREMAIL) values ('940910158490','Nik Alif','0142203691','No.10, Kg Medan Baru, Petaling Jaya','nikalif@gmail.com');
Insert into UPS.CUSTOMER (CUSTOMERID,CUSTOMERNAME,CUSTOMERPHONENO,CUSTOMERADDRESS,CUSTOMEREMAIL) values ('971001142103','Rem Rahimah','0112583691','No.21, Jln Bunga, Kuala Lumpur','remrahimah@gmail.com');
Insert into UPS.CUSTOMER (CUSTOMERID,CUSTOMERNAME,CUSTOMERPHONENO,CUSTOMERADDRESS,CUSTOMEREMAIL) values ('960310251487','Ummi Wahidah','0147854120','No.17, Jln Mawar, Kuala Lumpur','ummiwahidah@gmail.com');
Insert into UPS.CUSTOMER (CUSTOMERID,CUSTOMERNAME,CUSTOMERPHONENO,CUSTOMERADDRESS,CUSTOMEREMAIL) values ('901014152010','Affan Abdullah','0145522470','No.3, Jln Seksyen 11, Shah Alam','affanabdullah@gmail.com');
Insert into UPS.CUSTOMER (CUSTOMERID,CUSTOMERNAME,CUSTOMERPHONENO,CUSTOMERADDRESS,CUSTOMEREMAIL) values ('911210145621','Muhd Aniq','0178448110','Blok A-03, Flat Muhibbah, Shah Alam','muhdaniq@gmail.com');
Insert into UPS.CUSTOMER (CUSTOMERID,CUSTOMERNAME,CUSTOMERPHONENO,CUSTOMERADDRESS,CUSTOMEREMAIL) values ('931012152103','Erin Abdullah','0132256520','No.19, Jln PJS 2D/15E, Petaling Jaya','erinabdullah@gmail.com');
Insert into UPS.CUSTOMER (CUSTOMERID,CUSTOMERNAME,CUSTOMERPHONENO,CUSTOMERADDRESS,CUSTOMEREMAIL) values ('980510302658','Hamzaid Hassan','0115888695','Blok H-3, Taman Wawasan, Petaling Jaya','zaidhassan@gmail.com');
Insert into UPS.CUSTOMER (CUSTOMERID,CUSTOMERNAME,CUSTOMERPHONENO,CUSTOMERADDRESS,CUSTOMEREMAIL) values ('910210369852','Aqil Ali','0122585325','No.5, Jln PJS 2D/13E, Petaling Jaya','aqilali@gmail.com');
Insert into UPS.CUSTOMER (CUSTOMERID,CUSTOMERNAME,CUSTOMERPHONENO,CUSTOMERADDRESS,CUSTOMEREMAIL) values ('940310561241','Muhd Muzakkir','0125885662','No.6, Jln PJS 2C, Petaling Jaya','muzakkir94@gmail.com');
Insert into UPS.CUSTOMER (CUSTOMERID,CUSTOMERNAME,CUSTOMERPHONENO,CUSTOMERADDRESS,CUSTOMEREMAIL) values ('940812153569','Ahmad Muzaffar','0155896585','Blok G-9, Taman Sri Manja, Petaling Jaya','ahmadmuz@gmail.com');
Insert into UPS.CUSTOMER (CUSTOMERID,CUSTOMERNAME,CUSTOMERPHONENO,CUSTOMERADDRESS,CUSTOMEREMAIL) values ('930712146320','Faruq Muntasir','0114458965','Blok F-06, Taman Medan, Petaling Jaya','faruqmuntasir@gmail.com');
Insert into UPS.CUSTOMER (CUSTOMERID,CUSTOMERNAME,CUSTOMERPHONENO,CUSTOMERADDRESS,CUSTOMEREMAIL) values ('960720301547','Rizal Razman','0132588990','No.47, Taman Medan, Petaling Jaya','rizalrazman@gmail.com');
Insert into UPS.CUSTOMER (CUSTOMERID,CUSTOMERNAME,CUSTOMERPHONENO,CUSTOMERADDRESS,CUSTOMEREMAIL) values ('910513154796','Abdul Muiz','0122258526','No.20, Jln Taman Damai, Petaling Jaya','abdmuizz@gmail.com');
Insert into UPS.CUSTOMER (CUSTOMERID,CUSTOMERNAME,CUSTOMERPHONENO,CUSTOMERADDRESS,CUSTOMEREMAIL) values ('920622103625','Harris Safuan','0165858230','No.20, Jalan Maluri, Petaling Jaya','harrissafuan@gmail.com');
Insert into UPS.CUSTOMER (CUSTOMERID,CUSTOMERNAME,CUSTOMERPHONENO,CUSTOMERADDRESS,CUSTOMEREMAIL) values ('931010145632','Wan Akif','0125583230','No.2, Jalan Melati, Petaling Jaya','wanakif@gmail.com');
Insert into UPS.CUSTOMER (CUSTOMERID,CUSTOMERNAME,CUSTOMERPHONENO,CUSTOMERADDRESS,CUSTOMEREMAIL) values ('961213146589','Wan Rafiuddin','0165888951','No.5, Jln Raflesia, Petaling Jaya','wanrafi@gmail.com');
Insert into UPS.CUSTOMER (CUSTOMERID,CUSTOMERNAME,CUSTOMERPHONENO,CUSTOMERADDRESS,CUSTOMEREMAIL) values ('950610152310','Ain Balqis','0144895632','No.3, Jln Seksyen 15, Shah Alam','ainbalqis@gmail.com');
Insert into UPS.CUSTOMER (CUSTOMERID,CUSTOMERNAME,CUSTOMERPHONENO,CUSTOMERADDRESS,CUSTOMEREMAIL) values ('950120153201','Siti Manisah','0166658950','No.3, Jln PJS 2D/15C, Petaling Jaya','sitimanisah@gmail.com');
Insert into UPS.CUSTOMER (CUSTOMERID,CUSTOMERNAME,CUSTOMERPHONENO,CUSTOMERADDRESS,CUSTOMEREMAIL) values ('961020153652','Fatin Aliya','0122569883','Blok E-07, Taman Wawasan, Petaling Jaya','fatinaliya@gmail.com');
Insert into UPS.CUSTOMER (CUSTOMERID,CUSTOMERNAME,CUSTOMERPHONENO,CUSTOMERADDRESS,CUSTOMEREMAIL) values ('920530152014','Fatin Bahseis','0165585740','No.20, Jln Tun Abdul, Kuala Lumpur','fatinbahseis@gmail.com');
Insert into UPS.CUSTOMER (CUSTOMERID,CUSTOMERNAME,CUSTOMERPHONENO,CUSTOMERADDRESS,CUSTOMEREMAIL) values ('940120143020','Nur Asyikin','0112655621','No.3, Jln Mawar Berduri, Petaling Jaya','nurasyikin@gmail.com');
Insert into UPS.CUSTOMER (CUSTOMERID,CUSTOMERNAME,CUSTOMERPHONENO,CUSTOMERADDRESS,CUSTOMEREMAIL) values ('961220145632','Muhd Syafiq','0136665214','Blok M-11, Desa Mentari, Petaling Jaya','syafiq96@gmail.com');
Insert into UPS.CUSTOMER (CUSTOMERID,CUSTOMERNAME,CUSTOMERPHONENO,CUSTOMERADDRESS,CUSTOMEREMAIL) values ('941105145896','Yasmin Hani','0125585660','Blok K-20, Desa Ria, Petaling Jaya','yasminhani@gmail.com');
Insert into UPS.CUSTOMER (CUSTOMERID,CUSTOMERNAME,CUSTOMERPHONENO,CUSTOMERADDRESS,CUSTOMEREMAIL) values ('950420154587','Siti Syakirah','0141125202','No.4, Jln 14/3 Desa Park, Petaling Jaya','sitisyakirah@gmail.com');
Insert into UPS.CUSTOMER (CUSTOMERID,CUSTOMERNAME,CUSTOMERPHONENO,CUSTOMERADDRESS,CUSTOMEREMAIL) values ('950220145230','Siti Syafiqah','0122258632','No.44, Jln Kewajipan 3, Petaling Jaya','sitisyafiqah@gmail.com');
Insert into UPS.CUSTOMER (CUSTOMERID,CUSTOMERNAME,CUSTOMERPHONENO,CUSTOMERADDRESS,CUSTOMEREMAIL) values ('950623145874','Siti Syahirah','0111588892','No.4, Kampung Desa 8, Petaling Jaya','sitisyahirah@gmail.com');
Insert into UPS.CUSTOMER (CUSTOMERID,CUSTOMERNAME,CUSTOMERPHONENO,CUSTOMERADDRESS,CUSTOMEREMAIL) values ('910530145471','Amirul Azam','0198854120','Blok F-3, Sri Manja 2, Petaling Jaya','amirulazam@gmail.com');
Insert into UPS.CUSTOMER (CUSTOMERID,CUSTOMERNAME,CUSTOMERPHONENO,CUSTOMERADDRESS,CUSTOMEREMAIL) values ('940215148651','Muhd Haffiz','0133685215','Blok K-01, Taman Jaya, Petaling Jaya','muhdhaffiz@gmail.com');
Insert into UPS.CUSTOMER (CUSTOMERID,CUSTOMERNAME,CUSTOMERPHONENO,CUSTOMERADDRESS,CUSTOMEREMAIL) values ('931108141452','Azreen Daud','0135585210','Blok M-16, Desa Mentari 3, Petaling Jaya','azreendaud@gmail.com');
Insert into UPS.CUSTOMER (CUSTOMERID,CUSTOMERNAME,CUSTOMERPHONENO,CUSTOMERADDRESS,CUSTOMEREMAIL) values ('970405145230','Arvind Raj','0125885990','No.4, Jln PJS 5, Petaling Jaya','arvindraj@gmail.com');
Insert into UPS.CUSTOMER (CUSTOMERID,CUSTOMERNAME,CUSTOMERPHONENO,CUSTOMERADDRESS,CUSTOMEREMAIL) values ('940106145647','Muhd Faris','01236985214','No.3 Lorong PJS, Petaling Jaya',null);
Insert into UPS.CUSTOMER (CUSTOMERID,CUSTOMERNAME,CUSTOMERPHONENO,CUSTOMERADDRESS,CUSTOMEREMAIL) values ('940230145647','Muhd Zainal','0125589642','No.4, Jln Kebangsaan, Petaling Jaya','zainal94@gmail.com');
Insert into UPS.CUSTOMER (CUSTOMERID,CUSTOMERNAME,CUSTOMERPHONENO,CUSTOMERADDRESS,CUSTOMEREMAIL) values ('930114521232','Aien','0129651231','No.63, Jln Kewajipan, Petaling Jaya','aien@gmail.com');
Insert into UPS.CUSTOMER (CUSTOMERID,CUSTOMERNAME,CUSTOMERPHONENO,CUSTOMERADDRESS,CUSTOMEREMAIL) values ('950422035502','Ainn Balqish binti Jamil','0178838876','10, Jalan Lili 4, Saujana Utama, 47000 Sungai Buloh, Selangor','ainnbalqish@gmail.com');
Insert into UPS.CUSTOMER (CUSTOMERID,CUSTOMERNAME,CUSTOMERPHONENO,CUSTOMERADDRESS,CUSTOMEREMAIL) values ('980104102010','Zainal Abi','0142563210','No.44, Petaling Jya','zainal@gmail.com');
Insert into UPS.CUSTOMER (CUSTOMERID,CUSTOMERNAME,CUSTOMERPHONENO,CUSTOMERADDRESS,CUSTOMEREMAIL) values ('961012145647','Nurul Aqilah','0125632147','No.4, Jln Kebanggaan, Petaling Jaya','nurulqilah@gmail.com');
REM INSERTING into UPS.PRODUCT
SET DEFINE OFF;
Insert into UPS.PRODUCT (PRODUCTID,PRODUCTNAME,PRODUCTPRICE,PRODUCTTYPE,PRODUCTDESCRIPTION) values ('T001','Plain White','9','T-shirt','stock ready');
Insert into UPS.PRODUCT (PRODUCTID,PRODUCTNAME,PRODUCTPRICE,PRODUCTTYPE,PRODUCTDESCRIPTION) values ('T002','Plain Black','9','T-shirt','stock ready');
Insert into UPS.PRODUCT (PRODUCTID,PRODUCTNAME,PRODUCTPRICE,PRODUCTTYPE,PRODUCTDESCRIPTION) values ('T003','Plain Grey','9','T-shirt','stock ready');
Insert into UPS.PRODUCT (PRODUCTID,PRODUCTNAME,PRODUCTPRICE,PRODUCTTYPE,PRODUCTDESCRIPTION) values ('T004','Black White','10','T-shirt','stock ready');
Insert into UPS.PRODUCT (PRODUCTID,PRODUCTNAME,PRODUCTPRICE,PRODUCTTYPE,PRODUCTDESCRIPTION) values ('P001','Polo White','15','Polo Shirt','stock ready');
Insert into UPS.PRODUCT (PRODUCTID,PRODUCTNAME,PRODUCTPRICE,PRODUCTTYPE,PRODUCTDESCRIPTION) values ('P002','Polo Black','15','Polo Shirt','stock ready');
REM INSERTING into UPS.STAFF
SET DEFINE OFF;
Insert into UPS.STAFF (STAFFID,PASSWORD,ROLE) values ('staff1','staff1','staff');
Insert into UPS.STAFF (STAFFID,PASSWORD,ROLE) values ('manager1','manager1','manager');
--------------------------------------------------------
--  DDL for Index BOOKING_PK
--------------------------------------------------------

  CREATE UNIQUE INDEX "UPS"."BOOKING_PK" ON "UPS"."BOOKING" ("BOOKID") 
  PCTFREE 10 INITRANS 2 MAXTRANS 255 COMPUTE STATISTICS 
  STORAGE(INITIAL 65536 NEXT 1048576 MINEXTENTS 1 MAXEXTENTS 2147483645
  PCTINCREASE 0 FREELISTS 1 FREELIST GROUPS 1 BUFFER_POOL DEFAULT FLASH_CACHE DEFAULT CELL_FLASH_CACHE DEFAULT)
  TABLESPACE "SYSTEM" ;
--------------------------------------------------------
--  DDL for Index CUSTOMER_PK
--------------------------------------------------------

  CREATE UNIQUE INDEX "UPS"."CUSTOMER_PK" ON "UPS"."CUSTOMER" ("CUSTOMERID") 
  PCTFREE 10 INITRANS 2 MAXTRANS 255 COMPUTE STATISTICS 
  STORAGE(INITIAL 65536 NEXT 1048576 MINEXTENTS 1 MAXEXTENTS 2147483645
  PCTINCREASE 0 FREELISTS 1 FREELIST GROUPS 1 BUFFER_POOL DEFAULT FLASH_CACHE DEFAULT CELL_FLASH_CACHE DEFAULT)
  TABLESPACE "SYSTEM" ;
--------------------------------------------------------
--  DDL for Index BOOKING_PRODUCT_PK
--------------------------------------------------------

  CREATE UNIQUE INDEX "UPS"."BOOKING_PRODUCT_PK" ON "UPS"."BOOKING_PRODUCT" ("BOOKING_PRODUCT_ID") 
  PCTFREE 10 INITRANS 2 MAXTRANS 255 COMPUTE STATISTICS 
  STORAGE(INITIAL 65536 NEXT 1048576 MINEXTENTS 1 MAXEXTENTS 2147483645
  PCTINCREASE 0 FREELISTS 1 FREELIST GROUPS 1 BUFFER_POOL DEFAULT FLASH_CACHE DEFAULT CELL_FLASH_CACHE DEFAULT)
  TABLESPACE "SYSTEM" ;
--------------------------------------------------------
--  DDL for Index STAFF_PK
--------------------------------------------------------

  CREATE UNIQUE INDEX "UPS"."STAFF_PK" ON "UPS"."STAFF" ("STAFFID") 
  PCTFREE 10 INITRANS 2 MAXTRANS 255 COMPUTE STATISTICS 
  STORAGE(INITIAL 65536 NEXT 1048576 MINEXTENTS 1 MAXEXTENTS 2147483645
  PCTINCREASE 0 FREELISTS 1 FREELIST GROUPS 1 BUFFER_POOL DEFAULT FLASH_CACHE DEFAULT CELL_FLASH_CACHE DEFAULT)
  TABLESPACE "SYSTEM" ;
--------------------------------------------------------
--  DDL for Index PRODUCT_PK
--------------------------------------------------------

  CREATE UNIQUE INDEX "UPS"."PRODUCT_PK" ON "UPS"."PRODUCT" ("PRODUCTID") 
  PCTFREE 10 INITRANS 2 MAXTRANS 255 COMPUTE STATISTICS 
  STORAGE(INITIAL 65536 NEXT 1048576 MINEXTENTS 1 MAXEXTENTS 2147483645
  PCTINCREASE 0 FREELISTS 1 FREELIST GROUPS 1 BUFFER_POOL DEFAULT FLASH_CACHE DEFAULT CELL_FLASH_CACHE DEFAULT)
  TABLESPACE "SYSTEM" ;
--------------------------------------------------------
--  Constraints for Table STAFF
--------------------------------------------------------

  ALTER TABLE "UPS"."STAFF" ADD CONSTRAINT "STAFF_PK" PRIMARY KEY ("STAFFID")
  USING INDEX PCTFREE 10 INITRANS 2 MAXTRANS 255 COMPUTE STATISTICS 
  STORAGE(INITIAL 65536 NEXT 1048576 MINEXTENTS 1 MAXEXTENTS 2147483645
  PCTINCREASE 0 FREELISTS 1 FREELIST GROUPS 1 BUFFER_POOL DEFAULT FLASH_CACHE DEFAULT CELL_FLASH_CACHE DEFAULT)
  TABLESPACE "SYSTEM"  ENABLE;
--------------------------------------------------------
--  Constraints for Table BOOKING_PRODUCT
--------------------------------------------------------

  ALTER TABLE "UPS"."BOOKING_PRODUCT" MODIFY ("BOOKID" NOT NULL ENABLE);
  ALTER TABLE "UPS"."BOOKING_PRODUCT" ADD CONSTRAINT "BOOKING_PRODUCT_PK" PRIMARY KEY ("BOOKING_PRODUCT_ID")
  USING INDEX PCTFREE 10 INITRANS 2 MAXTRANS 255 COMPUTE STATISTICS 
  STORAGE(INITIAL 65536 NEXT 1048576 MINEXTENTS 1 MAXEXTENTS 2147483645
  PCTINCREASE 0 FREELISTS 1 FREELIST GROUPS 1 BUFFER_POOL DEFAULT FLASH_CACHE DEFAULT CELL_FLASH_CACHE DEFAULT)
  TABLESPACE "SYSTEM"  ENABLE;
  ALTER TABLE "UPS"."BOOKING_PRODUCT" MODIFY ("BOOKING_PRODUCT_ID" NOT NULL ENABLE);
--------------------------------------------------------
--  Constraints for Table PRODUCT
--------------------------------------------------------

  ALTER TABLE "UPS"."PRODUCT" ADD CONSTRAINT "PRODUCT_PK" PRIMARY KEY ("PRODUCTID")
  USING INDEX PCTFREE 10 INITRANS 2 MAXTRANS 255 COMPUTE STATISTICS 
  STORAGE(INITIAL 65536 NEXT 1048576 MINEXTENTS 1 MAXEXTENTS 2147483645
  PCTINCREASE 0 FREELISTS 1 FREELIST GROUPS 1 BUFFER_POOL DEFAULT FLASH_CACHE DEFAULT CELL_FLASH_CACHE DEFAULT)
  TABLESPACE "SYSTEM"  ENABLE;
--------------------------------------------------------
--  Constraints for Table BOOKING
--------------------------------------------------------

  ALTER TABLE "UPS"."BOOKING" ADD CONSTRAINT "BOOKING_PK" PRIMARY KEY ("BOOKID")
  USING INDEX PCTFREE 10 INITRANS 2 MAXTRANS 255 COMPUTE STATISTICS 
  STORAGE(INITIAL 65536 NEXT 1048576 MINEXTENTS 1 MAXEXTENTS 2147483645
  PCTINCREASE 0 FREELISTS 1 FREELIST GROUPS 1 BUFFER_POOL DEFAULT FLASH_CACHE DEFAULT CELL_FLASH_CACHE DEFAULT)
  TABLESPACE "SYSTEM"  ENABLE;
--------------------------------------------------------
--  Constraints for Table CUSTOMER
--------------------------------------------------------

  ALTER TABLE "UPS"."CUSTOMER" ADD CONSTRAINT "CUSTOMER_PK" PRIMARY KEY ("CUSTOMERID")
  USING INDEX PCTFREE 10 INITRANS 2 MAXTRANS 255 COMPUTE STATISTICS 
  STORAGE(INITIAL 65536 NEXT 1048576 MINEXTENTS 1 MAXEXTENTS 2147483645
  PCTINCREASE 0 FREELISTS 1 FREELIST GROUPS 1 BUFFER_POOL DEFAULT FLASH_CACHE DEFAULT CELL_FLASH_CACHE DEFAULT)
  TABLESPACE "SYSTEM"  ENABLE;
--------------------------------------------------------
--  Ref Constraints for Table BOOKING
--------------------------------------------------------

  ALTER TABLE "UPS"."BOOKING" ADD CONSTRAINT "BOOKING_FK1" FOREIGN KEY ("STAFFID")
	  REFERENCES "UPS"."STAFF" ("STAFFID") ON DELETE CASCADE ENABLE;
  ALTER TABLE "UPS"."BOOKING" ADD CONSTRAINT "BOOKING_FK2" FOREIGN KEY ("CUSTOMERID")
	  REFERENCES "UPS"."CUSTOMER" ("CUSTOMERID") ON DELETE CASCADE ENABLE;
--------------------------------------------------------
--  DDL for Trigger BOOKING_PRODUCT_TRIGGER
--------------------------------------------------------

  CREATE OR REPLACE TRIGGER "UPS"."BOOKING_PRODUCT_TRIGGER" 
before insert on booking_product
for each row
   begin
     select booking_product_seq.nextval into :new.booking_product_id from dual;
   end;
/
ALTER TRIGGER "UPS"."BOOKING_PRODUCT_TRIGGER" ENABLE;
